Date,AAPL,MSFT,^GSPC
2020-01-02,73.7859115600586,156.9243927001953,3257.85009765625
2020-01-03,73.06855773925781,154.9703826904297,3234.85009765625
2020-01-06,73.65078735351562,155.3709716796875,3246.280029296875
2020-01-07,73.3044204711914,153.954345703125,3237.179931640625
2020-01-08,74.48359680175781,156.40660095214844,3253.050048828125
2020-01-09,76.06570434570312,158.36058044433594,3274.699951171875
2020-01-10,76.23766326904297,157.6278076171875,3265.35009765625
2020-01-13,77.8664321899414,159.52317810058594,3288.1298828125
2020-01-14,76.81498718261719,158.39964294433594,3283.14990234375
2020-01-15,76.48579406738281,159.4254913330078,3289.2900390625
2020-01-16,77.44387817382812,162.34671020507812,3316.81005859375
2020-01-17,78.30127716064453,163.25527954101562,3329.6201171875
2020-01-21,77.77062225341797,162.66909790039062,3320.7900390625
2020-01-22,78.04822540283203,161.8874969482422,3321.75
2020-01-23,78.4240951538086,162.88406372070312,3325.5400390625
2020-01-24,78.19808959960938,161.24267578125,3295.469970703125
2020-01-27,75.89864349365234,158.54620361328125,3243.6298828125
2020-01-28,78.04576873779297,161.65306091308594,3276.239990234375
2020-01-29,79.67945098876953,164.17364501953125,3273.39990234375
2020-01-30,79.56398010253906,168.80459594726562,3283.659912109375
2020-01-31,76.03622436523438,166.31326293945312,3225.52001953125
2020-02-03,75.82740783691406,170.3677978515625,3248.919921875
2020-02-04,78.33074188232422,175.97569274902344,3297.590087890625
2020-02-05,78.969482421875,175.76080322265625,3334.68994140625
2020-02-06,79.8931884765625,179.40493774414062,3345.780029296875
2020-02-07,78.80721282958984,179.6589813232422,3327.7099609375
2020-02-10,79.1815185546875,184.35830688476562,3352.090087890625
2020-02-11,78.70378875732422,180.19630432128906,3357.75
2020-02-12,80.57283782958984,180.4601287841797,3379.449951171875
2020-02-13,79.99906158447266,179.48313903808594,3373.93994140625
2020-02-14,80.01876068115234,181.08538818359375,3380.159912109375
2020-02-18,78.55358123779297,182.92213439941406,3370.2900390625
2020-02-19,79.69125366210938,183.47073364257812,3386.14990234375
2020-02-20,78.87369537353516,180.6688995361328,3373.22998046875
2020-02-21,77.0884017944336,174.9574737548828,3337.75
2020-02-24,73.4266586303711,167.41412353515625,3225.889892578125
2020-02-25,70.9395523071289,164.6514892578125,3128.2099609375
2020-02-26,72.06491088867188,166.7087860107422,3116.389892578125
2020-02-27,67.3541488647461,154.96263122558594,2978.760009765625
2020-02-28,67.31475067138672,158.7147216796875,2954.219970703125
2020-03-02,73.58180236816406,169.27545166015625,3090.22998046875
2020-03-03,71.24488830566406,161.16387939453125,3003.3701171875
2020-03-04,74.54956817626953,167.08102416992188,3130.1201171875
2020-03-05,72.13140869140625,162.8881072998047,3023.93994140625
2020-03-06,71.17347717285156,158.28369140625,2972.3701171875
2020-03-09,65.54421997070312,147.556396484375,2746.56005859375
2020-03-10,70.26482391357422,157.6469268798828,2882.22998046875
2020-03-11,67.82450866699219,150.5051727294922,2741.3798828125
2020-03-12,61.126502990722656,136.23153686523438,2480.639892578125
2020-03-13,68.4499740600586,155.5994415283203,2711.02001953125
2020-03-16,59.64408493041992,132.6655731201172,2386.1298828125
2020-03-17,62.26664352416992,143.58880615234375,2529.18994140625
2020-03-18,60.74235153198242,137.54428100585938,2398.10009765625
2020-03-19,60.27694320678711,139.8072967529297,2409.389892578125
2020-03-20,56.450233459472656,134.5563201904297,2304.919921875
2020-03-23,55.250999450683594,133.2141876220703,2237.39990234375
2020-03-24,60.79407501220703,145.32275390625,2447.330078125
2020-03-25,60.45917510986328,143.93165588378906,2475.56005859375
2020-03-26,63.640716552734375,152.93475341796875,2630.070068359375
2020-03-27,61.0058479309082,146.65512084960938,2541.469970703125
2020-03-30,62.746822357177734,156.97093200683594,2626.64990234375
2020-03-31,62.618778228759766,154.502197265625,2584.590087890625
2020-04-01,59.3239631652832,149.01608276367188,2470.5
2020-04-02,60.313880920410156,152.10205078125,2526.89990234375
2020-04-03,59.447086334228516,150.7011260986328,2488.64990234375
2020-04-06,64.63310241699219,161.90841674804688,2663.679931640625
2020-04-07,63.88449478149414,160.1646270751953,2659.409912109375
2020-04-08,65.51959991455078,161.77127075195312,2749.97998046875
2020-04-09,65.99238586425781,161.7810516357422,2789.820068359375
2020-04-13,67.28765106201172,162.14353942871094,2761.6298828125
2020-04-14,70.6859130859375,170.16697692871094,2846.06005859375
2020-04-15,70.04073333740234,168.38397216796875,2783.360107421875
2020-04-16,70.59725952148438,173.4390106201172,2799.550048828125
2020-04-17,69.63935089111328,174.9673309326172,2874.56005859375
2020-04-20,68.19386291503906,171.49929809570312,2823.159912109375
2020-04-21,66.08597564697266,164.4065704345703,2736.56005859375
2020-04-22,67.98948669433594,169.99061584472656,2799.31005859375
2020-04-23,67.72599792480469,167.93333435058594,2797.800048828125
2020-04-24,69.68122100830078,170.9996795654297,2836.739990234375
2020-04-27,69.73046112060547,170.5098114013672,2878.47998046875
2020-04-28,68.60016632080078,166.3560791015625,2863.389892578125
2020-04-29,70.8533706665039,173.82110595703125,2939.510009765625
2020-04-30,72.34808349609375,175.56488037109375,2912.429931640625
2020-05-01,71.18334197998047,171.01925659179688,2830.7099609375
2020-05-04,72.19049072265625,175.20242309570312,2842.739990234375
2020-05-05,73.27398681640625,177.08335876464844,2868.43994140625
2020-05-06,74.02998352050781,178.82716369628906,2848.419921875
2020-05-07,74.79582214355469,179.86561584472656,2881.18994140625
2020-05-08,76.57608795166016,180.923583984375,2929.800048828125
2020-05-11,77.7810287475586,182.94174194335938,2930.18994140625
2020-05-12,76.89213562011719,178.7977294921875,2870.1201171875
2020-05-13,75.96373748779297,176.09390258789062,2820.0
2020-05-14,76.43041229248047,176.85801696777344,2852.5
2020-05-15,75.97854614257812,179.43455505371094,2863.699951171875
2020-05-18,77.76868438720703,181.14895629882812,2953.909912109375
2020-05-19,77.31930541992188,179.8949737548828,2922.93994140625
2020-05-20,78.82302856445312,182.3902587890625,2971.610107421875
2020-05-21,78.23536682128906,180.1995086669922,2948.510009765625
2020-05-22,78.73907470703125,180.27810668945312,2955.449951171875
2020-05-26,78.20572662353516,178.37228393554688,2991.77001953125
2020-05-27,78.54646301269531,178.60804748535156,3036.1298828125
2020-05-28,78.58102416992188,178.20529174804688,3029.72998046875
2020-05-29,78.50450897216797,180.02268981933594,3044.31005859375
2020-06-01,79.4699478149414,179.61009216308594,3055.72998046875
2020-06-02,79.83783721923828,181.65347290039062,3080.820068359375
2020-06-03,80.27735137939453,182.0955352783203,3122.8701171875
2020-06-04,79.58599090576172,179.69850158691406,3112.35009765625
2020-06-05,81.8526840209961,183.90313720703125,3193.929931640625
2020-06-08,82.33661651611328,185.04270935058594,3232.389892578125
2020-06-09,84.93666076660156,186.4573516845703,3207.179931640625
2020-06-10,87.12185668945312,193.37338256835938,3190.139892578125
2020-06-11,82.9391098022461,182.98953247070312,3002.10009765625
2020-06-12,83.65516662597656,184.4336395263672,3041.31005859375
2020-06-15,84.68973541259766,185.61248779296875,3066.590087890625
2020-06-16,86.93418884277344,190.16094970703125,3124.739990234375
2020-06-17,86.81322479248047,190.81915283203125,3113.489990234375
2020-06-18,86.84779357910156,192.86253356933594,3115.340087890625
2020-06-19,86.35149383544922,191.71310424804688,3097.739990234375
2020-06-22,88.61076354980469,197.03765869140625,3117.860107421875
2020-06-23,90.50214385986328,198.35406494140625,3131.2900390625
2020-06-24,88.90460205078125,194.35574340820312,3050.330078125
2020-06-25,90.0848617553711,196.8117218017578,3083.760009765625
2020-06-26,87.31694030761719,192.87232971191406,3009.050048828125
2020-06-29,89.32929992675781,194.94517517089844,3053.239990234375
2020-06-30,90.0749740600586,199.9258575439453,3100.2900390625
2020-07-01,89.90461730957031,201.09494018554688,3115.860107421875
2020-07-02,89.90461730957031,202.62745666503906,3130.010009765625
2020-07-06,92.30956268310547,206.9892578125,3179.719970703125
2020-07-07,92.02316284179688,204.5823974609375,3145.320068359375
2020-07-08,94.16637420654297,209.08177185058594,3169.93994140625
2020-07-09,94.57131958007812,210.5455322265625,3152.050048828125
2020-07-10,94.73676300048828,209.90696716308594,3185.0400390625
2020-07-13,94.29971313476562,203.42323303222656,3155.219970703125
2020-07-14,95.86022186279297,204.68064880371094,3197.52001953125
2020-07-15,96.51949310302734,204.37611389160156,3226.56005859375
2020-07-16,95.33181762695312,200.3286895751953,3215.570068359375
2020-07-17,95.13922119140625,199.30697631835938,3224.72998046875
2020-07-20,97.14419555664062,207.8734130859375,3251.840087890625
2020-07-21,95.80343627929688,205.07362365722656,3257.300048828125
2020-07-22,96.07256317138672,208.02076721191406,3276.02001953125
2020-07-23,91.69969177246094,198.97296142578125,3235.659912109375
2020-07-24,91.47251892089844,197.7548370361328,3215.6298828125
2020-07-27,93.64044189453125,200.25990295410156,3239.409912109375
2020-07-28,92.10215759277344,198.46212768554688,3218.43994140625
2020-07-29,93.86762237548828,200.46621704101562,3258.43994140625
2020-07-30,95.00343322753906,200.30902099609375,3246.219970703125
2020-07-31,104.94921112060547,201.3994598388672,3271.1201171875
2020-08-03,107.59367370605469,212.72637939453125,3294.610107421875
2020-08-04,108.31220245361328,209.5336456298828,3306.510009765625
2020-08-05,108.70479583740234,209.1898193359375,3327.77001953125
2020-08-06,112.49742889404297,212.53976440429688,3349.159912109375
2020-08-07,109.93971252441406,208.7379150390625,3351.280029296875
2020-08-10,111.53766632080078,204.5823974609375,3360.469970703125
2020-08-11,108.22055053710938,199.79818725585938,3333.68994140625
2020-08-12,111.81719207763672,205.505859375,3380.35009765625
2020-08-13,113.79606628417969,205.0244903564453,3373.429931640625
2020-08-14,113.69466400146484,205.22097778320312,3372.85009765625
2020-08-17,113.39781951904297,206.57667541503906,3381.989990234375
2020-08-18,114.34274291992188,207.76536560058594,3389.780029296875
2020-08-19,114.4862060546875,206.5048370361328,3374.85009765625
2020-08-20,117.026611328125,211.31053161621094,3385.510009765625
2020-08-21,123.05728912353516,209.77427673339844,3397.159912109375
2020-08-24,124.5290756225586,210.43406677246094,3431.280029296875
2020-08-25,123.50747680664062,213.1717071533203,3443.6201171875
2020-08-26,125.18704986572266,217.78038024902344,3478.72998046875
2020-08-27,123.69053649902344,223.12767028808594,3484.550048828125
2020-08-28,123.49015808105469,225.42218017578125,3508.010009765625
2020-08-31,127.67797088623047,222.09368896484375,3500.31005859375
2020-09-01,132.76373291015625,223.80715942382812,3526.64990234375
2020-09-02,130.01304626464844,228.1204071044922,3580.840087890625
2020-09-03,119.60411071777344,213.9890594482422,3455.06005859375
2020-09-04,119.68327331542969,210.98553466796875,3426.9599609375
2020-09-08,111.62918853759766,199.57212829589844,3331.840087890625
2020-09-09,116.0816879272461,208.0706329345703,3398.9599609375
2020-09-10,112.2921142578125,202.24082946777344,3339.18994140625
2020-09-11,110.81784057617188,200.92124938964844,3340.969970703125
2020-09-14,114.14237976074219,202.28024291992188,3383.5400390625
2020-09-15,114.32048034667969,205.598876953125,3401.199951171875
2020-09-16,110.94646453857422,201.9257049560547,3385.489990234375
2020-09-17,109.17536163330078,199.81832885742188,3357.010009765625
2020-09-18,105.71229553222656,197.3367462158203,3319.469970703125
2020-09-21,108.91810607910156,199.45394897460938,3281.06005859375
2020-09-22,110.62984466552734,204.2595977783203,3315.570068359375
2020-09-23,105.98934936523438,197.5336456298828,3236.919921875
2020-09-24,107.0777359008789,200.09405517578125,3246.590087890625
2020-09-25,111.09489440917969,204.6535186767578,3298.4599609375
2020-09-28,113.74659729003906,206.2488250732422,3351.60009765625
2020-09-29,112.88578796386719,204.10203552246094,3335.469970703125
2020-09-30,114.58763122558594,207.125244140625,3363.0
2020-10-01,115.55730438232422,209.22280883789062,3380.800048828125
2020-10-02,111.82707214355469,203.04835510253906,3348.419921875
2020-10-05,115.27034759521484,207.1745147705078,3408.60009765625
2020-10-06,111.96560668945312,202.77261352539062,3360.969970703125
2020-10-07,113.86534118652344,206.6328887939453,3419.43994140625
2020-10-08,113.7564926147461,207.37147521972656,3446.830078125
2020-10-09,115.73538970947266,212.5217742919922,3477.139892578125
2020-10-12,123.08695983886719,218.02658081054688,3534.219970703125
2020-10-13,119.82179260253906,219.46435546875,3511.929931640625
2020-10-14,119.91084289550781,217.4948272705078,3488.669921875
2020-10-15,119.43590545654297,216.3131103515625,3483.340087890625
2020-10-16,117.76374816894531,216.3131103515625,3483.81005859375
2020-10-19,114.7558364868164,210.95599365234375,3426.919921875
2020-10-20,116.26969146728516,211.3794403076172,3443.1201171875
2020-10-21,115.63643646240234,211.5271453857422,3435.56005859375
2020-10-22,114.52825927734375,211.6157684326172,3453.489990234375
2020-10-23,113.82575988769531,212.9353790283203,3465.389892578125
2020-10-26,113.83566284179688,206.8790740966797,3400.969970703125
2020-10-27,115.36929321289062,210.0007781982422,3390.679931640625
2020-10-28,110.02629089355469,199.59182739257812,3271.030029296875
2020-10-29,114.10279846191406,201.60072326660156,3310.110107421875
2020-10-30,107.71097564697266,199.38502502441406,3269.9599609375
2020-11-02,107.62193298339844,199.24716186523438,3310.239990234375
2020-11-03,109.2743148803711,203.28468322753906,3369.159912109375
2020-11-04,113.73670196533203,213.0929412841797,3443.43994140625
2020-11-05,117.77364349365234,219.88780212402344,3510.449951171875
2020-11-06,117.63984680175781,220.31124877929688,3509.43994140625
2020-11-09,115.29080200195312,215.0624542236328,3550.5
2020-11-10,114.94390106201172,207.79489135742188,3545.530029296875
2020-11-11,118.4327621459961,213.25047302246094,3572.659912109375
2020-11-12,118.15523529052734,212.15740966796875,3537.010009765625
2020-11-13,118.20480346679688,213.21107482910156,3585.14990234375
2020-11-16,119.235595703125,213.9201202392578,3626.909912109375
2020-11-17,118.3336410522461,211.19235229492188,3609.530029296875
2020-11-18,116.98567962646484,208.40805053710938,3567.7900390625
2020-11-19,117.59028625488281,209.73106384277344,3581.8701171875
2020-11-20,116.30178833007812,207.7267608642578,3557.5400390625
2020-11-23,112.84266662597656,207.4503173828125,3577.590087890625
2020-11-24,114.15098571777344,211.15286254882812,3635.409912109375
2020-11-25,115.00337982177734,211.1627197265625,3629.64990234375
2020-11-27,115.55842590332031,212.5054931640625,3638.35009765625
2020-11-30,117.99666595458984,211.36019897460938,3621.6298828125
2020-12-01,121.63418579101562,213.4730987548828,3662.449951171875
2020-12-02,121.99101257324219,212.64373779296875,3669.010009765625
2020-12-03,121.85224151611328,211.5280303955078,3666.719970703125
2020-12-04,121.1683349609375,211.64649963378906,3699.1201171875
2020-12-07,122.65507507324219,211.577392578125,3691.9599609375
2020-12-08,123.27949523925781,213.275634765625,3702.25
2020-12-09,120.70249938964844,209.11891174316406,3672.820068359375
2020-12-10,122.14958190917969,207.85513305664062,3668.10009765625
2020-12-11,121.32693481445312,210.56040954589844,3663.4599609375
2020-12-14,120.70249938964844,211.48851013183594,3647.489990234375
2020-12-15,126.74852752685547,211.41943359375,3694.6201171875
2020-12-16,126.67914581298828,216.5042266845703,3701.169921875
2020-12-17,127.56127166748047,216.64247131347656,3722.47998046875
2020-12-18,125.5393295288086,215.82296752929688,3709.409912109375
2020-12-21,127.09542083740234,219.77230834960938,3694.919921875
2020-12-22,130.713134765625,221.10525512695312,3687.260009765625
2020-12-23,129.80126953125,218.22222900390625,3690.010009765625
2020-12-24,130.80235290527344,219.93031311035156,3703.06005859375
2020-12-28,135.48057556152344,222.11233520507812,3735.360107421875
2020-12-29,133.67666625976562,221.31256103515625,3727.0400390625
2020-12-30,132.53684997558594,218.87384033203125,3732.0400390625
2020-12-31,131.51596069335938,219.6044921875,3756.070068359375
2021-01-04,128.26498413085938,214.93435668945312,3700.64990234375
2021-01-05,129.85081481933594,215.14170837402344,3726.860107421875
2021-01-06,125.47984313964844,209.56321716308594,3748.139892578125
2021-01-07,129.76161193847656,215.52674865722656,3803.7900390625
2021-01-08,130.88162231445312,216.83995056152344,3824.679931640625
2021-01-11,127.83878326416016,214.73690795898438,3799.610107421875
2021-01-12,127.66038513183594,212.20928955078125,3801.18994140625
2021-01-13,129.7318878173828,213.60145568847656,3809.840087890625
2021-01-14,127.76942443847656,210.323486328125,3795.5400390625
2021-01-15,126.01506805419922,209.95814514160156,3768.25
2021-01-19,126.698974609375,213.7001953125,3798.909912109375
2021-01-20,130.86180114746094,221.50018310546875,3851.85009765625
2021-01-21,135.65896606445312,222.1221923828125,3853.070068359375
2021-01-22,137.83950805664062,223.0897979736328,3841.469970703125
2021-01-25,141.65545654296875,226.62448120117188,3855.360107421875
2021-01-26,141.89332580566406,229.38905334472656,3849.6201171875
2021-01-27,140.8030548095703,229.9518280029297,3750.77001953125
2021-01-28,135.87701416015625,235.9054718017578,3787.3798828125
2021-01-29,130.79244995117188,229.02374267578125,3714.239990234375
2021-02-01,132.953125,236.6163787841797,3773.860107421875
2021-02-02,133.79562377929688,236.47813415527344,3826.31005859375
2021-02-03,132.75491333007812,239.92398071289062,3830.169921875
2021-02-04,136.1743927001953,238.9464874267578,3871.739990234375
2021-02-05,135.7524871826172,239.1341094970703,3886.830078125
2021-02-08,135.90142822265625,239.40069580078125,3915.590087890625
2021-02-09,135.00804138183594,240.68423461914062,3911.22998046875
2021-02-10,134.39260864257812,239.74624633789062,3909.8798828125
2021-02-11,134.134521484375,241.39511108398438,3916.3798828125
2021-02-12,134.37274169921875,241.88876342773438,3934.830078125
2021-02-16,132.2088165283203,240.6151123046875,3932.590087890625
2021-02-17,129.87611389160156,241.6641082763672,3931.330078125
2021-02-18,128.7544403076172,241.2583465576172,3913.969970703125
2021-02-19,128.91326904296875,238.46763610839844,3906.7099609375
2021-02-22,125.07179260253906,232.07472229003906,3876.5
2021-02-23,124.93281555175781,230.8476104736328,3881.3701171875
2021-02-24,124.42657470703125,232.11431884765625,3925.429931640625
2021-02-25,120.09867858886719,226.612060546875,3829.340087890625
2021-02-26,120.36669921875,229.96685791015625,3811.14990234375
2021-03-01,126.84860229492188,234.4794921875,3901.820068359375
2021-03-02,124.1982650756836,231.4413604736328,3870.2900390625
2021-03-03,121.16080474853516,225.19688415527344,3819.719970703125
2021-03-04,119.2450180053711,224.37550354003906,3768.469970703125
2021-03-05,120.52550506591797,229.1949462890625,3841.93994140625
2021-03-08,115.50279998779297,225.02867126464844,3821.35009765625
2021-03-09,120.19793701171875,231.352294921875,3875.43994140625
2021-03-10,119.09613800048828,230.0064239501953,3898.81005859375
2021-03-11,121.06153869628906,234.66751098632812,3939.340087890625
2021-03-12,120.13838958740234,233.30186462402344,3943.340087890625
2021-03-15,123.07659149169922,232.37161254882812,3968.93994140625
2021-03-16,124.64495086669922,235.24148559570312,3962.7099609375
2021-03-17,123.84091186523438,234.5784454345703,3974.1201171875
2021-03-18,119.6420669555664,228.3240966796875,3915.4599609375
2021-03-19,119.1060562133789,227.9579315185547,3913.10009765625
2021-03-22,122.48101043701172,233.53936767578125,3940.590087890625
2021-03-23,121.63726806640625,235.1128387451172,3910.52001953125
2021-03-24,119.20531463623047,233.01487731933594,3889.139892578125
2021-03-25,119.7016372680664,229.92726135253906,3909.52001953125
2021-03-26,120.31705474853516,234.02426147460938,3974.5400390625
2021-03-29,120.49573516845703,232.79713439941406,3971.090087890625
2021-03-30,119.01671600341797,229.44235229492188,3958.550048828125
2021-03-31,121.2501449584961,233.32164001464844,3972.889892578125
2021-04-01,122.09387969970703,239.8332977294922,4019.8701171875
2021-04-05,124.97251892089844,246.4835205078125,4077.909912109375
2021-04-06,125.28024291992188,245.28610229492188,4073.93994140625
2021-04-07,126.9577865600586,247.30490112304688,4079.949951171875
2021-04-08,129.39964294433594,250.62010192871094,4097.169921875
2021-04-09,132.0202178955078,253.19313049316406,4128.7998046875
2021-04-12,130.273193359375,253.25250244140625,4127.990234375
2021-04-13,133.43966674804688,255.80572509765625,4141.58984375
2021-04-14,131.057373046875,252.93582153320312,4124.66015625
2021-04-15,133.5091552734375,256.8052062988281,4170.419921875
2021-04-16,133.17166137695312,258.0323181152344,4185.47021484375
2021-04-19,133.84666442871094,256.0531311035156,4163.259765625
2021-04-20,132.12939453125,255.57810974121094,4134.93994140625
2021-04-21,132.5165252685547,257.8739929199219,4173.419921875
2021-04-22,130.968017578125,254.4993896484375,4134.97998046875
2021-04-23,133.33050537109375,258.4381103515625,4180.169921875
2021-04-26,133.72755432128906,258.8339538574219,4187.6201171875
2021-04-27,133.39996337890625,259.24957275390625,4186.72021484375
2021-04-28,132.59593200683594,251.91651916503906,4183.18017578125
2021-04-29,132.49667358398438,249.88778686523438,4211.47021484375
2021-04-30,130.49156188964844,249.5612335205078,4181.169921875
2021-05-03,131.5635986328125,249.2445526123047,4192.66015625
2021-05-04,126.90814971923828,245.21681213378906,4164.66015625
2021-05-05,127.15631103515625,243.91055297851562,4167.58984375
2021-05-06,128.78424072265625,247.13665771484375,4201.6201171875
2021-05-07,129.47032165527344,249.8383331298828,4232.60009765625
2021-05-10,126.12938690185547,244.61314392089844,4188.43017578125
2021-05-11,125.19474029541016,243.6730194091797,4152.10009765625
2021-05-12,122.07256317138672,236.51809692382812,4063.0400390625
2021-05-13,124.26007080078125,240.50624084472656,4112.5
2021-05-14,126.72598266601562,245.5730743408203,4173.85009765625
2021-05-17,125.55268859863281,242.63392639160156,4163.2900390625
2021-05-18,124.1407470703125,240.55572509765625,4127.830078125
2021-05-19,123.98167419433594,241.15086364746094,4115.68017578125
2021-05-20,126.58677673339844,244.483642578125,4159.1201171875
2021-05-21,124.71746063232422,243.1842498779297,4155.85986328125
2021-05-24,126.37796783447266,248.74884033203125,4197.0498046875
2021-05-25,126.17911529541016,249.6812286376953,4188.1298828125
2021-05-26,126.12938690185547,249.45309448242188,4195.990234375
2021-05-27,124.56831359863281,247.29075622558594,4200.8798828125
2021-05-28,123.90211486816406,247.65774536132812,4204.10986328125
2021-06-01,123.57398986816406,245.3961944580078,4202.0400390625
2021-06-02,124.34955596923828,245.29701232910156,4208.1201171875
2021-06-03,122.83820343017578,243.7199249267578,4192.85009765625
2021-06-04,125.17485046386719,248.75875854492188,4229.89013671875
2021-06-07,125.1847915649414,251.7542724609375,4226.52001953125
2021-06-08,126.02001190185547,250.5243377685547,4227.259765625
2021-06-09,126.40779876708984,251.53607177734375,4219.5498046875
2021-06-10,125.39360046386719,255.156494140625,4239.18017578125
2021-06-11,126.62654876708984,255.80128479003906,4247.43994140625
2021-06-14,129.73875427246094,257.7850646972656,4255.14990234375
2021-06-15,128.90353393554688,256.2674255371094,4246.58984375
2021-06-16,129.41064453125,255.29537963867188,4223.7001953125
2021-06-17,131.04132080078125,258.786865234375,4221.85986328125
2021-06-18,129.71888732910156,257.3287658691406,4166.4501953125
2021-06-21,131.5484161376953,260.5028381347656,4224.7900390625
2021-06-22,133.2188720703125,263.3595275878906,4246.43994140625
2021-06-23,132.9404754638672,263.1214599609375,4241.83984375
2021-06-24,132.6521453857422,264.52996826171875,4266.490234375
2021-06-25,132.3538360595703,262.8735046386719,4280.7001953125
2021-06-28,134.0143585205078,266.54351806640625,4290.60986328125
2021-06-29,135.55552673339844,269.2018127441406,4291.7998046875
2021-06-30,136.18197631835938,268.7058410644531,4297.5
2021-07-01,136.4901885986328,269.4001770019531,4319.93994140625
2021-07-02,139.16493225097656,275.40118408203125,4352.33984375
2021-07-06,141.21322631835938,275.4111328125,4343.5400390625
2021-07-07,143.7487335205078,277.6627197265625,4358.1298828125
2021-07-08,142.42630004882812,275.1730651855469,4320.81982421875
2021-07-09,144.28565979003906,275.6888427734375,4369.5498046875
2021-07-12,143.6791229248047,275.0738525390625,4384.6298828125
2021-07-13,144.81265258789062,278.7042236328125,4369.2099609375
2021-07-14,148.30270385742188,280.2218322753906,4374.2998046875
2021-07-15,147.63650512695312,278.7538146972656,4360.02978515625
2021-07-16,145.55838012695312,278.4761047363281,4327.16015625
2021-07-19,141.64076232910156,274.76641845703125,4258.490234375
2021-07-20,145.31973266601562,277.05767822265625,4323.06005859375
2021-07-21,144.57400512695312,279.1208190917969,4358.68994140625
2021-07-22,145.966064453125,283.82244873046875,4367.47998046875
2021-07-23,147.71603393554688,287.3238220214844,4411.7900390625
2021-07-26,148.14361572265625,286.7088317871094,4422.2998046875
2021-07-27,145.9362335205078,284.21917724609375,4401.4599609375
2021-07-28,144.15640258789062,283.90179443359375,4400.64013671875
2021-07-29,144.81265258789062,284.1795349121094,4419.14990234375
2021-07-30,145.03140258789062,282.6024169921875,4395.259765625
2021-08-02,144.69334411621094,282.5131530761719,4387.16015625
2021-08-03,146.52288818359375,284.7945251464844,4423.14990234375
2021-08-04,146.11521911621094,284.189453125,4402.66015625
2021-08-05,146.22457885742188,287.175048828125,4429.10009765625
2021-08-06,145.5275115966797,287.11553955078125,4436.52001953125
2021-08-09,145.47772216796875,285.9946594238281,4432.35009765625
2021-08-10,144.9897918701172,284.1199951171875,4436.75
2021-08-11,145.2487030029297,284.6258544921875,4442.41015625
2021-08-12,148.26600646972656,287.4627380371094,4460.830078125
2021-08-13,148.47511291503906,290.4781188964844,4468.0
2021-08-16,150.4866485595703,292.2138977050781,4479.7099609375
2021-08-17,149.56056213378906,290.7061767578125,4448.080078125
2021-08-18,145.74659729003906,288.9273376464844,4400.27001953125
2021-08-19,146.08518981933594,294.9298400878906,4405.7998046875
2021-08-20,147.56893920898438,302.4727783203125,4441.669921875
2021-08-23,149.08258056640625,302.7610168457031,4479.52978515625
2021-08-24,148.99293518066406,300.74359130859375,4486.22998046875
2021-08-25,147.7382049560547,300.1374206542969,4496.18994140625
2021-08-26,146.92166137695312,297.2355041503906,4470.0
2021-08-27,147.9772186279297,297.861572265625,4509.3701171875
2021-08-30,152.47825622558594,301.70758056640625,4528.7900390625
2021-08-31,151.1936798095703,300.0082092285156,4522.68017578125
2021-09-01,151.87081909179688,299.95849609375,4524.08984375
2021-09-02,153.00604248046875,299.28271484375,4536.9501953125
2021-09-03,153.65333557128906,299.2728271484375,4535.43017578125
2021-09-07,156.0333251953125,298.3186950683594,4520.02978515625
2021-09-08,154.45993041992188,298.3485107421875,4514.06982421875
2021-09-09,153.42430114746094,295.40692138671875,4493.27978515625
2021-09-10,148.3456573486328,293.8764343261719,4458.580078125
2021-09-13,148.92323303222656,295.14849853515625,4468.72998046875
2021-09-14,147.49920654296875,297.9311828613281,4443.0498046875
2021-09-15,148.40541076660156,302.9299621582031,4480.7001953125
2021-09-16,148.16639709472656,303.3274841308594,4473.75
2021-09-17,145.44786071777344,298.0106506347656,4432.990234375
2021-09-20,142.34092712402344,292.47515869140625,4357.72998046875
2021-09-21,142.82887268066406,292.9720458984375,4354.18994140625
2021-09-22,145.23873901367188,296.7286376953125,4395.64013671875
2021-09-23,146.21463012695312,297.7025451660156,4448.97998046875
2021-09-24,146.3042449951172,297.4938659667969,4455.47998046875
2021-09-27,144.76075744628906,292.34600830078125,4443.10986328125
2021-09-28,141.3152618408203,281.76202392578125,4352.6298828125
2021-09-29,142.2313995361328,282.2390441894531,4359.4599609375
2021-09-30,140.90696716308594,280.1719665527344,4307.5400390625
2021-10-01,142.05213928222656,287.30743408203125,4357.0400390625
2021-10-04,138.55685424804688,281.35455322265625,4300.4599609375
2021-10-05,140.51861572265625,286.9695739746094,4345.72021484375
2021-10-06,141.40487670898438,291.29254150390625,4363.5498046875
2021-10-07,142.689453125,293.02178955078125,4399.759765625
2021-10-08,142.30108642578125,293.02178955078125,4391.33984375
2021-10-11,142.2114715576172,292.4056396484375,4361.18994140625
2021-10-12,140.9169158935547,291.0639953613281,4350.64990234375
2021-10-13,140.31944274902344,294.4727478027344,4363.7998046875
2021-10-14,143.15748596191406,300.8727722167969,4438.259765625
2021-10-15,144.23297119140625,302.32373046875,4471.3701171875
2021-10-18,145.93580627441406,305.3846435546875,4486.4599609375
2021-10-19,148.13653564453125,306.31884765625,4519.6298828125
2021-10-20,148.6344451904297,305.50390625,4536.18994140625
2021-10-21,148.85353088378906,308.8331298828125,4549.77978515625
2021-10-22,148.0668487548828,307.2430419921875,4544.89990234375
2021-10-25,148.0170440673828,306.2194519042969,4566.47998046875
2021-10-26,148.69419860839844,308.1871337890625,4574.7900390625
2021-10-27,148.22616577148438,321.1662292480469,4551.68017578125
2021-10-28,151.9305877685547,322.3388671875,4596.419921875
2021-10-29,149.17218017578125,329.56378173828125,4605.3798828125
2021-11-01,148.33570861816406,327.3277282714844,4613.669921875
2021-11-02,149.39126586914062,331.0644226074219,4630.64990234375
2021-11-03,150.8551025390625,331.92901611328125,4660.56982421875
2021-11-04,150.3273162841797,334.3538818359375,4680.06005859375
2021-11-05,150.8658447265625,333.97625732421875,4697.52978515625
2021-11-08,150.0281524658203,334.9004821777344,4701.7001953125
2021-11-09,150.39712524414062,333.866943359375,4685.25
2021-11-10,147.51504516601562,328.7488708496094,4646.7099609375
2021-11-11,147.46517944335938,330.3687438964844,4649.27001953125
2021-11-12,149.57937622070312,334.6321716308594,4682.85009765625
2021-11-15,149.58934020996094,333.9862060546875,4682.7998046875
2021-11-16,150.58660888671875,337.4048767089844,4700.89990234375
2021-11-17,153.06979370117188,337.63385009765625,4688.669921875
2021-11-18,157.4377899169922,339.7744140625,4704.5400390625
2021-11-19,160.1104736328125,341.60638427734375,4697.9599609375
2021-11-22,160.5791778564453,338.3407287597656,4682.93994140625
2021-11-23,160.96810913085938,336.2001647949219,4690.7001953125
2021-11-24,161.49667358398438,336.4291687011719,4701.4599609375
2021-11-26,156.38070678710938,328.2352294921875,4594.6201171875
2021-11-29,159.8013153076172,335.15478515625,4655.27001953125
2021-11-30,164.84747314453125,329.1412353515625,4567.0
2021-12-01,164.3189239501953,328.63348388671875,4513.0400390625
2021-12-02,163.31167602539062,328.0460510253906,4577.10009765625
2021-12-03,161.3969268798828,321.594482421875,4538.43017578125
2021-12-06,164.86741638183594,324.7605285644531,4591.669921875
2021-12-07,170.7113494873047,333.4522705078125,4686.75
2021-12-08,174.60069274902344,333.5020446777344,4701.2099609375
2021-12-09,174.0821075439453,331.6402282714844,4667.4501953125
2021-12-10,178.95872497558594,341.03887939453125,4712.02001953125
2021-12-13,175.25888061523438,337.9126281738281,4668.97021484375
2021-12-14,173.85275268554688,326.9010925292969,4634.08984375
2021-12-15,178.80914306640625,333.1834411621094,4709.85009765625
2021-12-16,171.7884063720703,323.4761657714844,4668.669921875
2021-12-17,170.67147827148438,322.3809814453125,4620.64013671875
2021-12-20,169.2852783203125,318.5080261230469,4568.02001953125
2021-12-21,172.5164031982422,325.855712890625,4649.22998046875
2021-12-22,175.15914916992188,331.7398376464844,4696.56005859375
2021-12-23,175.7974090576172,333.2232666015625,4725.7900390625
2021-12-27,179.83631896972656,340.94927978515625,4791.18994140625
2021-12-28,178.7991485595703,339.7545166015625,4786.35009765625
2021-12-29,178.888916015625,340.45147705078125,4793.06005859375
2021-12-30,177.71214294433594,337.8330078125,4778.72998046875
2021-12-31,177.08387756347656,334.8461608886719,4766.18017578125
2022-01-03,181.51170349121094,333.28302001953125,4796.56005859375
2022-01-04,179.20803833007812,327.56817626953125,4793.5400390625
2022-01-05,174.4411163330078,314.9935302734375,4700.580078125
2022-01-06,171.5291290283203,312.5044860839844,4696.0498046875
2022-01-07,171.6986541748047,312.6637878417969,4677.02978515625
2022-01-10,171.71859741210938,312.89276123046875,4670.2900390625
2022-01-11,174.60069274902344,313.59967041015625,4713.06982421875
2022-01-12,175.04945373535156,316.8752136230469,4726.35009765625
2022-01-13,171.71859741210938,303.4642639160156,4659.02978515625
2022-01-14,172.59620666503906,308.8406066894531,4662.85009765625
2022-01-18,169.33514404296875,301.32366943359375,4577.10986328125
2022-01-19,165.77491760253906,302.00067138671875,4532.759765625
2022-01-20,164.0596160888672,300.2782897949219,4482.72998046875
2022-01-21,161.9653778076172,294.7326965332031,4397.93994140625
2022-01-24,161.17752075195312,295.0711975097656,4410.1298828125
2022-01-25,159.3425750732422,287.2257385253906,4356.4501953125
2022-01-26,159.25282287597656,295.4096984863281,4349.93017578125
2022-01-27,158.78411865234375,298.5260009765625,4326.509765625
2022-01-28,169.8636932373047,306.90911865234375,4431.85009765625
2022-01-31,174.301513671875,309.6171875,4515.5498046875
2022-02-01,174.13197326660156,307.40692138671875,4546.5400390625
2022-02-02,175.35861206054688,312.0863037109375,4589.3798828125
2022-02-03,172.42665100097656,299.9298095703125,4477.43994140625
2022-02-04,172.1370849609375,304.5992736816406,4500.52978515625
2022-02-07,171.4081573486328,299.6311340332031,4483.8701171875
2022-02-08,174.57350158691406,303.2253112792969,4521.5400390625
2022-02-09,176.02137756347656,309.8461608886719,4587.18017578125
2022-02-10,171.8674774169922,301.0549011230469,4504.080078125
2022-02-11,168.39259338378906,293.7470397949219,4418.64013671875
2022-02-14,168.63223266601562,293.70721435546875,4401.669921875
2022-02-15,172.5364990234375,299.15325927734375,4471.06982421875
2022-02-16,172.29685974121094,298.8040466308594,4475.009765625
2022-02-17,168.63223266601562,290.054443359375,4380.259765625
2022-02-18,167.05455017089844,287.26092529296875,4348.8701171875
2022-02-22,164.0789337158203,287.0514221191406,4304.759765625
2022-02-23,159.83517456054688,279.6187438964844,4225.5
2022-02-24,162.50125122070312,293.90545654296875,4288.7001953125
2022-02-25,164.608154296875,296.619140625,4384.64990234375
2022-02-28,164.87774658203125,298.095703125,4373.93994140625
2022-03-01,162.9605712890625,294.2646484375,4306.259765625
2022-03-02,166.31564331054688,299.4924621582031,4386.5400390625
2022-03-03,165.98611450195312,295.2323913574219,4363.490234375
2022-03-04,162.93060302734375,289.1864318847656,4328.8701171875
2022-03-07,159.06629943847656,278.26190185546875,4201.08984375
2022-03-08,157.20901489257812,275.2090148925781,4170.7001953125
2022-03-09,162.7109375,287.8296203613281,4277.8798828125
2022-03-10,158.28744506835938,284.9263610839844,4259.52001953125
2022-03-11,154.50299072265625,279.4192199707031,4204.31005859375
2022-03-14,150.39901733398438,275.7976379394531,4173.10986328125
2022-03-15,154.86245727539062,286.4827575683594,4262.4501953125
2022-03-16,159.35586547851562,293.7059326171875,4357.85986328125
2022-03-17,160.3843536376953,294.53399658203125,4411.669921875
2022-03-18,163.7394256591797,299.73187255859375,4463.1201171875
2022-03-21,165.1373748779297,298.46484375,4461.18017578125
2022-03-22,168.57232666015625,303.35345458984375,4511.60986328125
2022-03-23,169.96029663085938,298.7940673828125,4456.240234375
2022-03-24,173.8146209716797,303.39337158203125,4520.16015625
2022-03-25,174.4636688232422,302.9743347167969,4543.06005859375
2022-03-28,175.34237670898438,309.9780578613281,4575.52001953125
2022-03-29,178.69744873046875,314.6770935058594,4631.60009765625
2022-03-30,177.5092010498047,313.13067626953125,4602.4501953125
2022-03-31,174.3538360595703,307.59356689453125,4530.41015625
2022-04-01,174.05426025390625,308.7010192871094,4545.85986328125
2022-04-04,178.17820739746094,314.23809814453125,4582.64013671875
2022-04-05,174.80316162109375,310.1576232910156,4525.1201171875
2022-04-06,171.57791137695312,298.8040466308594,4481.14990234375
2022-04-07,171.887451171875,300.6697082519531,4500.2099609375
2022-04-08,169.8404541015625,296.2799377441406,4488.27978515625
2022-04-11,165.50682067871094,284.59716796875,4412.52978515625
2022-04-12,167.41403198242188,281.4045715332031,4397.4501953125
2022-04-13,170.14999389648438,286.95166015625,4446.58984375
2022-04-14,165.04750061035156,279.17974853515625,4392.58984375
2022-04-18,164.8278350830078,279.8681335449219,4391.68994140625
2022-04-19,167.15440368652344,284.6370544433594,4462.2099609375
2022-04-20,166.98464965820312,285.694580078125,4459.4501953125
2022-04-21,166.17584228515625,280.157470703125,4393.66015625
2022-04-22,161.55262756347656,273.39324951171875,4271.77978515625
2022-04-25,162.6410369873047,280.06768798828125,4296.1201171875
2022-04-26,156.56996154785156,269.59210205078125,4175.2001953125
2022-04-27,156.34030151367188,282.5618896484375,4183.9599609375
2022-04-28,163.39991760253906,288.9570007324219,4287.5
2022-04-29,157.418701171875,276.8751220703125,4131.93017578125
2022-05-02,157.72825622558594,283.8089904785156,4155.3798828125
2022-05-03,159.2460174560547,281.125244140625,4175.47998046875
2022-05-04,165.77642822265625,289.3061828613281,4300.169921875
2022-05-05,156.54000854492188,276.7055358886719,4146.8701171875
2022-05-06,157.27999877929688,274.09161376953125,4123.33984375
2022-05-09,152.05999755859375,263.9651794433594,3991.239990234375
2022-05-10,154.50999450683594,268.873779296875,4001.050048828125
2022-05-11,146.5,259.9445495605469,3935.179931640625
2022-05-12,142.55999755859375,254.75665283203125,3930.080078125
2022-05-13,147.11000061035156,260.51324462890625,4023.889892578125
2022-05-16,145.5399932861328,260.8923645019531,4008.010009765625
2022-05-17,149.24000549316406,266.20001220703125,4088.85009765625
2022-05-18,140.82000732421875,254.0800018310547,3923.679931640625
2022-05-19,137.35000610351562,253.13999938964844,3900.7900390625
2022-05-20,137.58999633789062,252.55999755859375,3901.360107421875
2022-05-23,143.11000061035156,260.6499938964844,3973.75
2022-05-24,140.36000061035156,259.6199951171875,3941.47998046875
2022-05-25,140.52000427246094,262.5199890136719,3978.72998046875
2022-05-26,143.77999877929688,265.8999938964844,4057.840087890625
2022-05-27,149.63999938964844,273.239990234375,4158.240234375
2022-05-31,148.83999633789062,271.8699951171875,4132.14990234375
2022-06-01,148.7100067138672,272.4200134277344,4101.22998046875
2022-06-02,151.2100067138672,274.5799865722656,4176.81982421875
2022-06-03,145.3800048828125,270.0199890136719,4108.5400390625
2022-06-06,146.13999938964844,268.75,4121.43017578125
2022-06-07,148.7100067138672,272.5,4160.68017578125
2022-06-08,147.9600067138672,270.4100036621094,4115.77001953125
2022-06-09,142.63999938964844,264.7900085449219,4017.820068359375
2022-06-10,137.1300048828125,252.99000549316406,3900.860107421875
2022-06-13,131.8800048828125,242.25999450683594,3749.6298828125
2022-06-14,132.75999450683594,244.49000549316406,3735.47998046875
2022-06-15,135.42999267578125,251.75999450683594,3789.989990234375
2022-06-16,130.05999755859375,244.97000122070312,3666.77001953125
2022-06-17,131.55999755859375,247.64999389648438,3674.840087890625
2022-06-21,135.8699951171875,253.74000549316406,3764.7900390625
2022-06-22,135.35000610351562,253.1300048828125,3759.889892578125
2022-06-23,138.27000427246094,258.8599853515625,3795.72998046875
2022-06-24,141.66000366210938,267.70001220703125,3911.739990234375
2022-06-27,141.66000366210938,264.8900146484375,3900.110107421875
2022-06-28,137.44000244140625,256.4800109863281,3821.550048828125
2022-06-29,139.22999572753906,260.260009765625,3818.830078125
2022-06-30,136.72000122070312,256.8299865722656,3785.3798828125
2022-07-01,138.92999267578125,259.5799865722656,3825.330078125
